AMPS,VOLTS,TEMP,DELTA,GAMMA,MODE_REDACTED,MODE_auto,MODE_beam,MODE_burst,POWER_high,POWER_low
0.461,0.604,-7.64,-0.091,-0.098,0.0,0.0,0.0,1.0,1.0,0.0
0.58,0.263,-43.608,-0.353,0.79,1.0,0.0,0.0,0.0,1.0,0.0
0.628,2.421,18.559000000000026,0.327,0.622,0.0,0.0,0.0,1.0,0.0,1.0
0.878,3.324,80.216,-0.403,0.676,0.0,1.0,0.0,0.0,1.0,0.0
0.904,2.172,83.194,-0.539,-0.624,0.0,0.0,0.0,1.0,1.0,0.0
0.339,3.663,70.03400000000005,-0.148,-0.388,0.0,0.0,1.0,0.0,1.0,0.0
0.719,0.758,-16.638,0.346,1.649,0.0,0.0,0.0,1.0,1.0,0.0
0.617,0.86,25.628,0.931,-1.554,0.0,0.0,0.0,1.0,0.0,1.0
0.777,1.051,-43.758,-0.548,-0.01,0.0,0.0,1.0,0.0,0.0,1.0
0.983,2.187,-7.121999999999957,-0.527,1.285,1.0,0.0,0.0,0.0,1.0,0.0
0.318,3.955,37.752,-0.751,0.492,0.0,0.0,0.0,1.0,1.0,0.0
0.517,0.987,6.427000000000021,0.715,-0.41,0.0,1.0,0.0,0.0,0.0,1.0
0.672,0.739,-38.315999999999974,0.202,-0.023,0.0,1.0,0.0,0.0,1.0,0.0
0.547,0.65,70.07600000000002,0.735,-0.305,1.0,0.0,0.0,0.0,0.0,1.0
0.662,0.173,-0.663,-0.713,1.304,0.0,0.0,1.0,0.0,1.0,0.0
0.464,2.139,13.721,0.284,-0.125,0.0,0.0,1.0,0.0,0.0,1.0
0.728,1.88,-16.778999999999996,0.698,0.523,0.0,0.0,1.0,0.0,1.0,0.0
0.314,2.132,-76.138,-0.104,-0.579,0.0,1.0,0.0,0.0,1.0,0.0
0.906,0.95,-1.843999999999994,-0.568,-0.07,1.0,0.0,0.0,0.0,1.0,0.0
0.705,1.107,-88.737,-0.475,-0.833,1.0,0.0,0.0,0.0,1.0,0.0
0.956,2.178,-373.15,0.299,1.049,0.0,0.0,1.0,0.0,0.0,1.0
0.624,1.45,10.403,-0.32,1.227,0.0,1.0,0.0,0.0,1.0,0.0
0.74,2.34,-46.368,-0.165,0.476,0.0,0.0,0.0,1.0,1.0,0.0
0.739,1.987,-39.885,-0.755,0.728,0.0,1.0,0.0,0.0,1.0,0.0
0.959,2.07,7.083000000000027,0.974,0.574,1.0,0.0,0.0,0.0,0.0,1.0
0.754,0.593,-62.98,0.748,0.397,0.0,1.0,0.0,0.0,0.0,1.0
0.236,1.349,-50.633999999999986,-0.752,-0.543,0.0,0.0,1.0,0.0,0.0,1.0
0.705,1.049,44.417,0.774,0.803,0.0,0.0,1.0,0.0,1.0,0.0
0.943,0.843,30.665999999999997,-0.894,-1.762,1.0,0.0,0.0,0.0,0.0,1.0
0.537,1.117,38.88,-0.618,0.695,0.0,0.0,1.0,0.0,1.0,0.0
0.466,2.687,98.705,0.604,-0.793,0.0,1.0,0.0,0.0,1.0,0.0
0.838,4.913,-73.52,-0.996,-0.742,0.0,0.0,0.0,1.0,1.0,0.0
0.285,0.687,24.419,-0.604,0.685,0.0,1.0,0.0,0.0,0.0,1.0
0.77,1.072,-49.490999999999985,0.05,0.31,0.0,1.0,0.0,0.0,1.0,0.0
0.901,3.53,94.80900000000003,-0.432,-0.528,0.0,0.0,0.0,1.0,0.0,1.0
0.844,1.808,-9.422,0.249,-0.537,1.0,0.0,0.0,0.0,1.0,0.0
0.532,1.309,-21.46,0.165,-0.863,0.0,0.0,0.0,1.0,1.0,0.0
0.138,2.535,-16.689999999999998,-0.92,0.315,0.0,0.0,1.0,0.0,1.0,0.0
0.472,2.002,27.173,0.929,0.074,0.0,0.0,1.0,0.0,0.0,1.0
0.369,2.156,-22.395999999999987,-0.89,-0.441,0.0,1.0,0.0,0.0,0.0,1.0
0.703,2.252,-50.62299999999999,-0.894,0.203,0.0,0.0,0.0,1.0,1.0,0.0
0.617,1.516,-10.179,0.234,-0.884,0.0,0.0,0.0,1.0,0.0,1.0
0.701,0.532,-54.91399999999999,0.735,0.133,1.0,0.0,0.0,0.0,1.0,0.0
0.176,0.882,-8.623,-0.737,-1.178,1.0,0.0,0.0,0.0,0.0,1.0
0.349,0.466,-39.454999999999984,-0.547,-0.983,0.0,1.0,0.0,0.0,0.0,1.0
0.476,0.958,15.528,0.27,0.121,1.0,0.0,0.0,0.0,0.0,1.0
0.142,0.347,24.809,0.676,-1.303,0.0,0.0,1.0,0.0,0.0,1.0
0.537,3.667,17.513,-0.819,-0.369,0.0,0.0,0.0,1.0,0.0,1.0
0.154,0.865,-11.726999999999975,-0.772,-1.304,0.0,0.0,0.0,1.0,0.0,1.0
0.026,0.911,-20.954,-0.025,-1.028,0.0,1.0,0.0,0.0,0.0,1.0
0.193,0.65,-28.165,-0.013,-0.384,1.0,0.0,0.0,0.0,0.0,1.0
0.548,1.036,12.992,0.039,0.589,0.0,0.0,1.0,0.0,0.0,1.0
0.998,3.067,-41.597999999999985,-0.679,-0.137,0.0,0.0,0.0,1.0,0.0,1.0
0.424,2.4,-14.022,0.232,-1.261,0.0,0.0,1.0,0.0,1.0,0.0
0.315,2.171,-58.792,0.986,0.663,0.0,0.0,0.0,1.0,0.0,1.0
0.644,1.935,5.594,-0.944,-1.454,0.0,0.0,0.0,1.0,0.0,1.0
0.662,1.07,33.198,0.39,-0.206,0.0,0.0,1.0,0.0,0.0,1.0
0.773,2.782,-49.581,0.454,-0.962,0.0,1.0,0.0,0.0,1.0,0.0
0.698,1.341,-36.318,0.764,0.887,0.0,0.0,0.0,1.0,0.0,1.0
0.27,1.858,-24.970999999999975,0.133,-0.61,0.0,0.0,1.0,0.0,0.0,1.0
0.666,2.758,-5.811,0.753,-0.905,0.0,0.0,0.0,1.0,1.0,0.0
0.714,0.948,-5.7169999999999845,0.563,1.311,1.0,0.0,0.0,0.0,0.0,1.0
0.695,2.19,-4.563,-0.647,-0.728,0.0,1.0,0.0,0.0,0.0,1.0
0.6,4.302,22.393,0.841,-1.36,0.0,1.0,0.0,0.0,1.0,0.0
0.237,0.02,100.0,0.486,1.717,1.0,0.0,0.0,0.0,0.0,1.0
0.327,3.336,0.179,0.819,0.628,0.0,0.0,1.0,0.0,0.0,1.0
0.705,1.899,5.109,-0.773,0.255,1.0,0.0,0.0,0.0,1.0,0.0
0.963,1.738,7.609,0.531,1.037,1.0,0.0,0.0,0.0,0.0,1.0
0.421,0.502,-57.535,-0.779,0.257,1.0,0.0,0.0,0.0,0.0,1.0
0.454,3.788,-68.147,-0.023,-1.238,0.0,0.0,1.0,0.0,0.0,1.0
0.803,1.83,25.241000000000042,-0.356,0.408,0.0,1.0,0.0,0.0,1.0,0.0
0.879,0.193,23.639,0.635,-0.802,0.0,0.0,1.0,0.0,0.0,1.0
0.609,0.916,-24.355,-0.772,-0.47,1.0,0.0,0.0,0.0,0.0,1.0
0.747,2.433,-60.934,-0.809,1.237,1.0,0.0,0.0,0.0,0.0,1.0
0.979,3.416,-64.818,0.317,0.472,0.0,0.0,1.0,0.0,0.0,1.0
0.999,1.416,-95.68699999999998,-0.206,0.113,1.0,0.0,0.0,0.0,0.0,1.0
0.347,1.941,43.91500000000002,-0.545,0.423,1.0,0.0,0.0,0.0,1.0,0.0
0.881,3.16,-1.65,-0.973,-0.552,0.0,0.0,0.0,1.0,0.0,1.0
0.4,4.358,28.539000000000044,0.341,0.182,0.0,1.0,0.0,0.0,1.0,0.0
0.87,1.755,-10.572000000000003,0.338,0.556,0.0,0.0,0.0,1.0,1.0,0.0
0.152,2.476,-373.15,0.33,-1.064,1.0,0.0,0.0,0.0,0.0,1.0
0.638,2.537,-38.996,0.923,-0.032,0.0,0.0,0.0,1.0,1.0,0.0
0.208,4.325,-0.5569999999999595,-0.61,0.651,0.0,0.0,1.0,0.0,0.0,1.0
0.8,3.753,-6.1819999999999595,-0.476,0.022,0.0,0.0,0.0,1.0,0.0,1.0
0.359,0.572,-50.963,0.638,-0.942,0.0,1.0,0.0,0.0,1.0,0.0
0.683,2.04,6.802,0.431,-0.126,1.0,0.0,0.0,0.0,0.0,1.0
0.039,1.901,-22.667,0.809,-0.1,1.0,0.0,0.0,0.0,0.0,1.0
0.321,1.231,-48.669,-0.981,-0.037,0.0,1.0,0.0,0.0,1.0,0.0
0.005,0.541,-36.0,0.568,-0.504,0.0,1.0,0.0,0.0,0.0,1.0
0.68,1.143,52.012,0.773,0.201,1.0,0.0,0.0,0.0,1.0,0.0
0.067,1.739,6.2379999999999995,-0.718,1.174,1.0,0.0,0.0,0.0,0.0,1.0
0.033,4.674,50.305,0.086,0.238,0.0,0.0,1.0,0.0,1.0,0.0
0.124,2.106,-39.014,-0.876,0.063,1.0,0.0,0.0,0.0,0.0,1.0
0.885,1.808,-54.93799999999999,0.987,-1.268,1.0,0.0,0.0,0.0,0.0,1.0
0.226,0.571,15.702,-0.341,0.081,1.0,0.0,0.0,0.0,0.0,1.0
0.562,2.076,-0.75,0.206,0.039,0.0,1.0,0.0,0.0,0.0,1.0
0.254,1.974,-28.17,-0.741,-0.117,0.0,1.0,0.0,0.0,0.0,1.0
0.566,3.158,33.20700000000005,0.257,-0.335,0.0,0.0,0.0,1.0,0.0,1.0
0.114,0.754,-43.308,-0.76,-0.109,0.0,1.0,0.0,0.0,0.0,1.0
0.517,0.551,39.187,0.826,0.285,0.0,1.0,0.0,0.0,0.0,1.0
0.393,3.755,5.008000000000038,0.217,-0.554,0.0,0.0,1.0,0.0,0.0,1.0
0.028,1.623,-3.007,0.605,0.181,1.0,0.0,0.0,0.0,0.0,1.0
0.91,1.005,-8.7,-0.556,-0.177,0.0,1.0,0.0,0.0,0.0,1.0
0.187,2.153,-4.211,-0.137,-0.993,0.0,1.0,0.0,0.0,1.0,0.0
0.847,0.905,-29.907999999999987,0.612,-1.499,0.0,0.0,0.0,1.0,0.0,1.0
0.192,0.909,-84.23599999999999,-0.415,1.183,0.0,0.0,1.0,0.0,1.0,0.0
0.305,1.071,-18.706,0.87,-0.292,1.0,0.0,0.0,0.0,1.0,0.0
0.102,0.631,69.10900000000004,-0.402,-0.654,0.0,0.0,1.0,0.0,0.0,1.0
0.178,1.242,37.69300000000004,0.957,0.378,0.0,0.0,1.0,0.0,1.0,0.0
0.33,1.775,-6.429,0.318,-0.416,0.0,1.0,0.0,0.0,0.0,1.0
0.682,0.628,-36.859,-0.5,-0.416,0.0,0.0,0.0,1.0,1.0,0.0
0.514,1.035,4.888000000000034,-0.561,-0.03,0.0,1.0,0.0,0.0,1.0,0.0
0.225,2.451,-51.3,-0.526,0.073,0.0,0.0,0.0,1.0,1.0,0.0
0.913,1.907,3.539,0.041,0.64,0.0,1.0,0.0,0.0,0.0,1.0
0.23,0.654,-51.096,-0.175,0.0,0.0,0.0,1.0,0.0,0.0,1.0
0.961,2.904,-36.996999999999986,0.039,0.335,1.0,0.0,0.0,0.0,1.0,0.0
0.013,1.031,-24.661,0.869,-0.073,1.0,0.0,0.0,0.0,0.0,1.0
0.13,1.328,24.048,0.128,0.597,0.0,0.0,0.0,1.0,0.0,1.0
0.495,4.994,-22.452,-0.723,-1.396,0.0,0.0,1.0,0.0,1.0,0.0
0.295,3.05,-69.264,0.487,-2.0,0.0,0.0,1.0,0.0,1.0,0.0
0.026,0.485,64.632,0.407,-0.828,0.0,0.0,1.0,0.0,0.0,1.0
0.453,1.128,1.3120000000000118,-0.761,-0.004,0.0,1.0,0.0,0.0,0.0,1.0
0.162,0.916,-11.148,-0.13,0.032,0.0,1.0,0.0,0.0,1.0,0.0
0.515,1.309,51.120000000000005,-0.695,-0.702,1.0,0.0,0.0,0.0,0.0,1.0
0.488,0.504,33.997,-0.189,0.3,0.0,1.0,0.0,0.0,0.0,1.0
0.835,0.937,-45.67999999999998,-0.191,0.432,0.0,0.0,0.0,1.0,1.0,0.0
0.991,1.427,-14.298000000000002,-1.0,0.3,0.0,0.0,1.0,0.0,1.0,0.0
0.788,2.19,67.20400000000001,-0.586,-1.692,0.0,0.0,1.0,0.0,0.0,1.0
0.596,0.882,-100.0,0.861,1.049,0.0,0.0,0.0,1.0,0.0,1.0
0.722,0.337,19.45,-0.54,-0.059,0.0,0.0,1.0,0.0,1.0,0.0
0.025,0.619,-49.66299999999998,0.022,-0.052,0.0,0.0,1.0,0.0,0.0,1.0
0.779,0.489,80.923,0.286,1.872,1.0,0.0,0.0,0.0,1.0,0.0
0.384,0.703,-46.62899999999999,-0.301,1.383,1.0,0.0,0.0,0.0,0.0,1.0
0.192,4.062,-16.436,0.505,0.427,0.0,0.0,0.0,1.0,0.0,1.0
0.299,2.223,-100.0,0.727,-0.101,0.0,0.0,0.0,1.0,0.0,1.0
0.044,1.149,85.703,-0.741,-0.05,0.0,0.0,0.0,1.0,0.0,1.0
0.577,1.271,34.933,0.334,-0.034,1.0,0.0,0.0,0.0,0.0,1.0
0.601,1.857,18.79600000000005,-0.624,-1.101,0.0,0.0,1.0,0.0,0.0,1.0
0.657,0.779,59.156000000000006,-0.169,0.307,0.0,0.0,1.0,0.0,0.0,1.0
0.702,1.73,7.664,-0.591,1.596,0.0,0.0,1.0,0.0,0.0,1.0
0.133,2.835,33.47,-0.677,-0.132,1.0,0.0,0.0,0.0,1.0,0.0
0.31,4.168,22.239000000000033,-0.366,-1.066,0.0,1.0,0.0,0.0,0.0,1.0
0.687,1.735,25.217,-0.832,0.314,0.0,0.0,1.0,0.0,1.0,0.0
0.561,1.669,-97.684,-0.911,0.825,0.0,0.0,0.0,1.0,1.0,0.0
0.263,1.7,-86.587,0.055,-0.202,1.0,0.0,0.0,0.0,1.0,0.0
0.702,0.502,16.18100000000004,0.822,-0.962,1.0,0.0,0.0,0.0,1.0,0.0
0.724,2.189,-54.784,-0.025,-0.386,1.0,0.0,0.0,0.0,0.0,1.0
0.755,1.159,45.036,-0.409,0.541,0.0,0.0,1.0,0.0,0.0,1.0
0.759,0.219,23.66500000000002,-0.462,0.14,0.0,1.0,0.0,0.0,0.0,1.0
0.076,1.369,40.774,0.914,-0.446,0.0,0.0,0.0,1.0,0.0,1.0
0.481,2.942,-37.251,-0.468,-0.199,0.0,0.0,0.0,1.0,0.0,1.0
0.818,3.306,3.664000000000044,0.033,-0.193,0.0,1.0,0.0,0.0,1.0,0.0
0.528,0.829,-68.46999999999997,-0.342,-1.143,1.0,0.0,0.0,0.0,0.0,1.0
0.234,3.367,-20.218,-0.449,0.848,0.0,0.0,0.0,1.0,0.0,1.0
0.701,1.921,0.045,-0.001,0.42,0.0,1.0,0.0,0.0,0.0,1.0
0.188,2.591,43.276,0.832,-0.242,0.0,1.0,0.0,0.0,1.0,0.0
0.817,3.669,30.958,0.376,-0.906,0.0,0.0,0.0,1.0,0.0,1.0
0.372,0.952,-50.257,-0.548,0.051,1.0,0.0,0.0,0.0,1.0,0.0
0.644,2.683,21.656,0.428,0.569,1.0,0.0,0.0,0.0,0.0,1.0
0.206,1.644,-70.01299999999998,-0.451,-0.518,0.0,0.0,1.0,0.0,0.0,1.0
0.875,2.866,16.64,-0.812,-0.715,0.0,0.0,1.0,0.0,0.0,1.0
0.82,3.569,-8.624,-0.915,1.163,0.0,1.0,0.0,0.0,0.0,1.0
0.388,1.831,33.1,-0.198,0.637,0.0,1.0,0.0,0.0,1.0,0.0
0.259,2.873,28.848,-0.097,-0.893,0.0,0.0,0.0,1.0,0.0,1.0
0.663,0.635,29.177999999999997,-0.203,0.03,0.0,0.0,0.0,1.0,1.0,0.0
0.843,3.707,-81.5,0.864,0.17,0.0,0.0,1.0,0.0,0.0,1.0
0.213,2.368,-54.695,-0.569,-0.151,1.0,0.0,0.0,0.0,0.0,1.0
0.359,2.658,-72.423,-0.449,-0.931,0.0,0.0,1.0,0.0,0.0,1.0
0.632,3.997,100.0,-0.433,0.106,1.0,0.0,0.0,0.0,1.0,0.0
0.353,1.491,62.52800000000002,-0.242,0.852,0.0,1.0,0.0,0.0,0.0,1.0
0.571,1.972,-63.926,0.542,-0.189,1.0,0.0,0.0,0.0,0.0,1.0
0.07,2.48,31.45,-0.191,1.333,0.0,0.0,0.0,1.0,0.0,1.0
0.947,1.256,-18.877,0.548,0.569,0.0,0.0,0.0,1.0,0.0,1.0
0.608,1.585,24.347,0.806,0.601,1.0,0.0,0.0,0.0,0.0,1.0
0.781,0.65,-28.812,-0.678,-0.358,0.0,0.0,1.0,0.0,0.0,1.0
0.413,2.968,-21.678,0.423,1.074,0.0,1.0,0.0,0.0,0.0,1.0
0.246,2.802,-49.405,0.114,0.793,0.0,1.0,0.0,0.0,1.0,0.0
0.294,2.473,-36.96999999999997,-0.65,-0.725,1.0,0.0,0.0,0.0,0.0,1.0
0.531,5.673,-6.79,-0.695,0.21,0.0,0.0,0.0,1.0,0.0,1.0
0.361,0.724,-2.505,-0.066,0.322,0.0,1.0,0.0,0.0,0.0,1.0
0.769,4.789,31.719,0.058,0.426,0.0,0.0,1.0,0.0,0.0,1.0
0.166,2.196,-31.448999999999984,0.232,0.114,0.0,1.0,0.0,0.0,0.0,1.0
0.543,1.531,4.863,0.27,0.106,0.0,0.0,0.0,1.0,1.0,0.0
0.528,3.026,-0.966,0.334,-1.352,0.0,1.0,0.0,0.0,0.0,1.0
0.463,3.796,72.702,0.897,-0.223,0.0,1.0,0.0,0.0,0.0,1.0
0.962,0.688,-56.928,-0.35,-0.191,0.0,0.0,1.0,0.0,1.0,0.0
0.06,2.733,-62.988999999999976,-0.905,-0.164,1.0,0.0,0.0,0.0,0.0,1.0
0.043,1.099,-20.079,-0.945,0.934,0.0,0.0,1.0,0.0,1.0,0.0
0.575,1.267,-54.846,-0.875,-0.105,0.0,0.0,1.0,0.0,1.0,0.0
0.52,1.318,26.922000000000025,0.351,-0.691,0.0,1.0,0.0,0.0,1.0,0.0
0.322,4.208,56.398000000000025,-0.847,1.156,1.0,0.0,0.0,0.0,0.0,1.0
0.821,1.124,59.68100000000004,0.648,0.882,1.0,0.0,0.0,0.0,1.0,0.0
0.788,1.747,-64.6,-0.984,-0.215,0.0,0.0,1.0,0.0,0.0,1.0
0.789,5.933,-12.538,-0.343,-0.793,1.0,0.0,0.0,0.0,1.0,0.0
0.0,1.712,-17.774999999999977,0.223,-0.289,0.0,1.0,0.0,0.0,0.0,1.0
0.944,0.226,-55.235,0.182,0.281,0.0,0.0,1.0,0.0,0.0,1.0
0.853,4.129,-99.99999999999997,0.663,0.112,1.0,0.0,0.0,0.0,0.0,1.0
0.028,3.135,18.28,0.922,-0.743,0.0,0.0,0.0,1.0,0.0,1.0
0.373,2.163,-4.907999999999959,0.55,-0.852,0.0,1.0,0.0,0.0,1.0,0.0
0.916,2.058,-44.201,-0.692,-0.328,0.0,0.0,1.0,0.0,1.0,0.0
0.749,1.708,38.517,-0.238,-0.181,1.0,0.0,0.0,0.0,1.0,0.0
0.025,2.899,-6.511,-0.156,0.562,0.0,0.0,1.0,0.0,0.0,1.0
0.602,0.183,-57.235,-0.446,0.961,0.0,0.0,0.0,1.0,0.0,1.0
0.962,0.852,9.893,-0.123,2.0,0.0,0.0,1.0,0.0,0.0,1.0
0.567,1.821,-43.06099999999998,0.017,-0.19,1.0,0.0,0.0,0.0,1.0,0.0
0.887,1.418,-71.58999999999997,0.729,-0.503,0.0,0.0,0.0,1.0,0.0,1.0
0.105,0.538,16.319,-0.306,-0.123,0.0,0.0,0.0,1.0,0.0,1.0
0.308,0.425,48.80200000000002,0.547,0.254,0.0,0.0,1.0,0.0,0.0,1.0
0.633,1.448,-38.934,0.458,-0.313,1.0,0.0,0.0,0.0,0.0,1.0
0.081,0.929,-11.171,0.81,0.992,1.0,0.0,0.0,0.0,1.0,0.0
0.982,1.51,42.129,0.841,-0.233,0.0,0.0,0.0,1.0,1.0,0.0
0.123,1.843,-26.247,0.057,-0.187,0.0,1.0,0.0,0.0,1.0,0.0
0.975,2.774,12.94,-0.925,-0.159,1.0,0.0,0.0,0.0,1.0,0.0
0.355,3.57,-0.938,-0.631,0.804,0.0,0.0,1.0,0.0,0.0,1.0
0.958,3.133,-49.21,-0.05,-0.17,0.0,0.0,0.0,1.0,1.0,0.0
0.294,1.644,70.498,0.386,-0.28,0.0,0.0,1.0,0.0,1.0,0.0
0.113,0.886,90.023,0.045,-0.555,1.0,0.0,0.0,0.0,1.0,0.0
0.059,2.229,53.08,0.416,0.907,0.0,0.0,0.0,1.0,1.0,0.0
0.494,1.791,-15.0,-0.247,0.133,0.0,0.0,0.0,1.0,0.0,1.0
0.512,1.988,12.311,0.357,-1.318,0.0,1.0,0.0,0.0,0.0,1.0
0.406,3.06,65.211,0.23,0.117,1.0,0.0,0.0,0.0,1.0,0.0
0.199,1.657,74.846,0.761,-0.367,0.0,1.0,0.0,0.0,0.0,1.0
0.144,0.963,-48.708,-0.74,-0.421,0.0,0.0,0.0,1.0,1.0,0.0
0.407,2.419,35.034,-0.338,-0.573,0.0,0.0,1.0,0.0,0.0,1.0
0.822,7.139,33.632,-0.497,-0.37,0.0,0.0,1.0,0.0,1.0,0.0
0.414,1.387,-27.54,0.683,1.145,0.0,0.0,0.0,1.0,1.0,0.0
0.805,1.463,-7.996999999999957,-0.332,-0.077,0.0,0.0,1.0,0.0,1.0,0.0
0.142,1.469,-36.765,0.076,-0.502,1.0,0.0,0.0,0.0,0.0,1.0
0.454,0.306,27.752,-0.391,0.725,0.0,1.0,0.0,0.0,1.0,0.0
0.099,1.29,-37.108,-0.941,-1.084,0.0,0.0,0.0,1.0,0.0,1.0
0.456,2.644,-5.670999999999992,-0.761,-0.27,0.0,1.0,0.0,0.0,1.0,0.0
0.045,2.056,34.833,-0.672,-1.151,0.0,1.0,0.0,0.0,0.0,1.0
0.244,2.778,-6.530999999999949,-0.944,0.895,1.0,0.0,0.0,0.0,0.0,1.0
0.481,1.727,100.0,0.389,-0.696,0.0,0.0,1.0,0.0,0.0,1.0
0.491,2.362,28.555,-0.138,1.222,0.0,0.0,1.0,0.0,1.0,0.0
0.286,1.586,-5.929,-0.541,-0.347,0.0,0.0,0.0,1.0,1.0,0.0
0.801,0.337,28.101,-0.391,0.523,0.0,1.0,0.0,0.0,0.0,1.0
0.718,1.317,25.825,0.444,0.724,1.0,0.0,0.0,0.0,1.0,0.0
0.455,1.333,9.692,0.473,1.43,1.0,0.0,0.0,0.0,0.0,1.0
0.017,1.257,-42.815,-0.21,1.018,0.0,0.0,1.0,0.0,0.0,1.0
0.062,1.23,5.043,-0.281,-0.561,1.0,0.0,0.0,0.0,0.0,1.0
0.863,1.588,-18.208,-0.363,-0.12,0.0,0.0,1.0,0.0,1.0,0.0
0.662,0.516,-21.188999999999965,-0.972,-0.487,1.0,0.0,0.0,0.0,0.0,1.0
0.808,1.539,-82.63999999999999,0.004,0.755,0.0,1.0,0.0,0.0,1.0,0.0
0.329,1.321,-35.192999999999984,-0.186,-0.447,0.0,0.0,1.0,0.0,0.0,1.0
0.052,3.053,-54.905,0.144,1.019,0.0,0.0,0.0,1.0,0.0,1.0
0.582,0.738,-43.025,0.611,-1.09,1.0,0.0,0.0,0.0,0.0,1.0
0.876,2.048,52.672,0.179,-0.693,0.0,0.0,1.0,0.0,0.0,1.0
0.278,3.233,-100.0,-0.095,1.132,1.0,0.0,0.0,0.0,1.0,0.0
0.409,0.994,95.131,-0.106,0.539,0.0,0.0,0.0,1.0,0.0,1.0
0.034,0.209,32.22300000000001,-0.406,0.283,0.0,0.0,0.0,1.0,0.0,1.0
0.246,2.091,-1.945,0.459,0.734,0.0,0.0,1.0,0.0,1.0,0.0
0.219,0.831,-9.935999999999979,-0.962,0.994,0.0,1.0,0.0,0.0,0.0,1.0
0.461,2.848,20.53,-0.619,-0.042,0.0,0.0,0.0,1.0,1.0,0.0
0.579,0.761,98.061,-0.535,0.342,0.0,0.0,0.0,1.0,0.0,1.0
0.99,1.074,-2.849,0.16,0.345,0.0,1.0,0.0,0.0,0.0,1.0
0.201,1.446,-20.274,-0.993,-0.454,0.0,1.0,0.0,0.0,0.0,1.0
0.17,4.74,26.081,0.616,0.214,0.0,0.0,0.0,1.0,0.0,1.0
0.151,3.65,-29.846,-0.133,-1.27,1.0,0.0,0.0,0.0,0.0,1.0
0.304,0.61,20.734,-0.352,0.865,0.0,0.0,0.0,1.0,0.0,1.0
0.074,4.661,-78.19499999999996,-0.456,0.017,0.0,0.0,1.0,0.0,0.0,1.0
0.61,1.294,-27.185,-0.792,-0.074,0.0,0.0,1.0,0.0,0.0,1.0
0.713,3.114,28.631,-0.837,-0.082,1.0,0.0,0.0,0.0,0.0,1.0
0.743,0.208,-48.29799999999997,0.466,0.377,0.0,0.0,0.0,1.0,0.0,1.0
0.517,2.512,-9.964,0.068,0.597,0.0,0.0,0.0,1.0,0.0,1.0
0.928,0.799,-26.085,0.925,0.481,1.0,0.0,0.0,0.0,0.0,1.0
0.166,0.357,28.73,0.833,0.128,0.0,1.0,0.0,0.0,0.0,1.0
0.288,2.474,-44.344,-0.73,-0.23,0.0,0.0,1.0,0.0,1.0,0.0
0.35,0.325,-34.966,-0.349,-0.337,0.0,1.0,0.0,0.0,1.0,0.0
0.462,2.873,15.183,-0.885,-0.52,0.0,0.0,1.0,0.0,0.0,1.0
0.097,3.244,41.306,-0.843,-0.414,0.0,0.0,0.0,1.0,1.0,0.0
0.622,2.262,54.92900000000003,0.358,-1.38,0.0,0.0,0.0,1.0,1.0,0.0
0.984,2.303,-62.789,-0.254,1.065,1.0,0.0,0.0,0.0,0.0,1.0
0.967,2.826,67.118,0.604,-1.034,1.0,0.0,0.0,0.0,0.0,1.0
0.666,0.288,53.50400000000002,0.683,-1.455,0.0,0.0,1.0,0.0,0.0,1.0
0.084,0.493,10.367,0.854,-0.711,0.0,1.0,0.0,0.0,0.0,1.0
0.732,0.945,-50.91399999999999,-0.504,-1.563,0.0,0.0,0.0,1.0,1.0,0.0
0.995,2.425,-75.999,-0.137,0.802,0.0,0.0,1.0,0.0,1.0,0.0
0.888,2.979,40.918,0.6,1.412,1.0,0.0,0.0,0.0,0.0,1.0
0.171,1.225,-44.40899999999996,-0.105,1.433,0.0,0.0,1.0,0.0,0.0,1.0
0.144,2.648,-48.25499999999997,-0.623,0.196,0.0,0.0,0.0,1.0,0.0,1.0
0.877,0.592,-15.074,-0.118,0.105,0.0,0.0,1.0,0.0,0.0,1.0
0.181,0.715,-75.296,-0.868,0.87,0.0,0.0,0.0,1.0,1.0,0.0
0.273,5.277,25.001000000000033,0.895,-0.333,1.0,0.0,0.0,0.0,1.0,0.0
0.153,3.812,-51.36499999999998,-0.305,-0.602,0.0,1.0,0.0,0.0,0.0,1.0
0.762,2.178,53.997000000000014,-0.301,-0.58,0.0,0.0,0.0,1.0,0.0,1.0
0.845,1.06,-69.08699999999999,0.543,0.363,0.0,1.0,0.0,0.0,0.0,1.0
0.165,2.12,-51.787,-0.237,-0.613,0.0,1.0,0.0,0.0,0.0,1.0
0.821,1.234,-46.756,-0.17,0.205,0.0,0.0,1.0,0.0,1.0,0.0
0.572,1.659,-63.317,-0.991,-0.133,0.0,0.0,0.0,1.0,0.0,1.0
0.48,1.213,11.673,0.134,-0.422,0.0,1.0,0.0,0.0,1.0,0.0
0.83,0.861,-4.703,-0.949,-0.673,0.0,1.0,0.0,0.0,0.0,1.0
0.886,2.693,-72.947,-0.687,-0.778,1.0,0.0,0.0,0.0,0.0,1.0
0.133,3.022,42.732,-0.649,-0.532,0.0,0.0,0.0,1.0,0.0,1.0
0.396,4.669,-4.651,-0.16,0.481,1.0,0.0,0.0,0.0,0.0,1.0
0.718,1.735,52.71600000000001,-0.212,-1.144,0.0,0.0,0.0,1.0,0.0,1.0
0.66,4.182,-27.368,-0.696,1.611,0.0,1.0,0.0,0.0,0.0,1.0
0.668,1.325,49.484,0.002,-0.226,0.0,0.0,0.0,1.0,0.0,1.0
0.665,0.072,-9.404,0.581,0.331,1.0,0.0,0.0,0.0,0.0,1.0
0.068,3.13,-0.188,-0.715,0.242,0.0,0.0,0.0,1.0,1.0,0.0
0.332,0.872,-13.627,0.874,0.284,0.0,0.0,0.0,1.0,1.0,0.0
0.267,3.126,15.701,0.335,0.677,1.0,0.0,0.0,0.0,1.0,0.0
0.427,1.117,-57.522,0.646,-0.047,0.0,1.0,0.0,0.0,1.0,0.0
0.673,2.949,-3.1829999999999927,0.402,-0.591,1.0,0.0,0.0,0.0,0.0,1.0
0.681,2.712,-22.414,0.472,-0.058,0.0,0.0,1.0,0.0,1.0,0.0
0.865,0.942,-39.588,0.113,-1.904,0.0,0.0,1.0,0.0,0.0,1.0
0.318,2.053,-100.0,-0.621,0.341,1.0,0.0,0.0,0.0,0.0,1.0
0.182,5.13,-92.87399999999997,0.166,1.508,1.0,0.0,0.0,0.0,0.0,1.0
0.436,1.045,63.702,0.745,-1.102,0.0,0.0,0.0,1.0,1.0,0.0
0.507,3.457,4.323000000000036,0.497,-0.729,0.0,0.0,0.0,1.0,1.0,0.0
0.623,1.709,44.201,-0.467,-0.711,0.0,1.0,0.0,0.0,1.0,0.0
0.198,3.382,16.168000000000006,-0.339,-0.017,0.0,1.0,0.0,0.0,0.0,1.0
0.724,0.36,-8.741,0.156,0.07,0.0,0.0,0.0,1.0,0.0,1.0
0.624,2.62,44.315,0.464,-1.748,0.0,0.0,0.0,1.0,1.0,0.0
0.382,1.435,-32.638,-0.18,0.498,1.0,0.0,0.0,0.0,0.0,1.0
0.863,2.01,-40.43599999999998,-0.069,-0.008,1.0,0.0,0.0,0.0,1.0,0.0
0.708,0.852,6.328,-0.973,0.294,1.0,0.0,0.0,0.0,0.0,1.0
0.607,2.905,25.415,0.711,0.371,1.0,0.0,0.0,0.0,0.0,1.0
0.02,0.793,-38.53899999999999,-0.615,0.089,0.0,0.0,1.0,0.0,1.0,0.0
0.271,3.858,-40.378,-0.099,-0.614,0.0,0.0,1.0,0.0,0.0,1.0
0.923,1.07,-23.668,-0.408,1.789,0.0,0.0,0.0,1.0,0.0,1.0
0.226,0.854,38.973,0.781,-0.247,0.0,0.0,1.0,0.0,0.0,1.0
0.176,2.692,54.377,0.601,-0.195,0.0,0.0,1.0,0.0,0.0,1.0
0.733,1.261,-52.241,0.795,-1.023,0.0,0.0,0.0,1.0,1.0,0.0
0.616,1.5,-71.34699999999998,-0.725,0.46,1.0,0.0,0.0,0.0,0.0,1.0
0.08,5.049,8.719,0.523,0.98,0.0,0.0,0.0,1.0,0.0,1.0
0.724,1.453,34.706,0.139,-0.292,0.0,1.0,0.0,0.0,0.0,1.0
0.529,1.616,-100.0,-0.846,-0.012,1.0,0.0,0.0,0.0,0.0,1.0
0.315,1.537,71.13,-0.229,-0.401,1.0,0.0,0.0,0.0,0.0,1.0
0.974,2.059,86.72900000000004,0.748,0.751,1.0,0.0,0.0,0.0,1.0,0.0
0.34,1.577,12.231,0.375,0.759,1.0,0.0,0.0,0.0,1.0,0.0
0.583,1.239,-2.23,0.155,0.701,0.0,0.0,1.0,0.0,0.0,1.0
0.644,2.711,74.886,0.707,-0.39,1.0,0.0,0.0,0.0,0.0,1.0
0.779,0.855,-29.538,-0.842,-0.391,0.0,1.0,0.0,0.0,1.0,0.0
0.791,2.09,39.602,0.443,1.068,0.0,1.0,0.0,0.0,0.0,1.0
0.35,4.257,1.43100000000004,0.991,-0.335,0.0,1.0,0.0,0.0,0.0,1.0
0.694,3.395,-2.207,-0.363,0.463,0.0,0.0,1.0,0.0,0.0,1.0
0.298,1.168,21.641999999999996,0.671,-0.29,0.0,0.0,0.0,1.0,0.0,1.0
0.125,0.672,23.279,0.562,-0.093,0.0,1.0,0.0,0.0,1.0,0.0
0.757,0.622,51.208,-0.352,0.519,0.0,0.0,1.0,0.0,1.0,0.0
0.015,2.689,-24.07,0.267,1.313,1.0,0.0,0.0,0.0,0.0,1.0
0.03,4.092,62.335,0.143,1.0,0.0,1.0,0.0,0.0,0.0,1.0
0.268,1.863,15.982,0.602,-0.237,0.0,0.0,1.0,0.0,0.0,1.0
0.248,0.299,47.116,0.673,-0.69,1.0,0.0,0.0,0.0,0.0,1.0
0.925,2.141,54.053,-0.802,-0.47,0.0,1.0,0.0,0.0,0.0,1.0
0.587,2.59,21.14100000000002,0.46,0.488,1.0,0.0,0.0,0.0,0.0,1.0
0.303,2.416,-54.611,-0.096,-0.858,0.0,0.0,0.0,1.0,1.0,0.0
0.488,0.607,-15.055,-0.464,-0.119,0.0,0.0,1.0,0.0,0.0,1.0
0.186,0.226,24.549,-0.607,0.45,0.0,0.0,0.0,1.0,1.0,0.0
0.952,2.061,-90.297,-0.081,1.206,1.0,0.0,0.0,0.0,1.0,0.0
0.006,0.623,4.771,0.05,0.456,0.0,1.0,0.0,0.0,0.0,1.0
0.132,0.745,-20.493,0.818,-0.023,0.0,1.0,0.0,0.0,0.0,1.0
0.366,5.169,16.26,0.522,0.124,0.0,1.0,0.0,0.0,1.0,0.0
0.893,1.4,-34.854,-0.237,-0.881,0.0,0.0,1.0,0.0,0.0,1.0
0.273,2.708,2.2,0.492,-0.331,0.0,0.0,1.0,0.0,0.0,1.0
0.06,1.096,28.263,0.543,-0.693,0.0,1.0,0.0,0.0,1.0,0.0
0.176,1.616,13.812,0.221,-0.245,0.0,1.0,0.0,0.0,0.0,1.0
0.576,2.032,-59.244,-0.44,-0.949,0.0,1.0,0.0,0.0,0.0,1.0
0.035,0.209,-16.814,-0.067,-0.175,0.0,0.0,1.0,0.0,0.0,1.0
0.532,5.747,13.237,0.491,-0.639,0.0,0.0,0.0,1.0,0.0,1.0
0.221,1.223,-31.32499999999999,-0.784,-1.122,0.0,0.0,1.0,0.0,0.0,1.0
0.146,1.303,-38.397,0.445,0.024,0.0,0.0,0.0,1.0,0.0,1.0
0.147,8.508,10.518000000000029,0.002,0.454,0.0,0.0,1.0,0.0,1.0,0.0
0.189,0.394,-32.58299999999997,-0.83,0.167,0.0,0.0,1.0,0.0,1.0,0.0
0.922,1.421,-14.17,-0.359,0.428,0.0,0.0,0.0,1.0,0.0,1.0
0.887,2.854,-69.734,0.271,0.645,1.0,0.0,0.0,0.0,0.0,1.0
0.394,2.956,92.762,-0.063,-0.626,0.0,0.0,0.0,1.0,1.0,0.0
0.968,0.946,-68.493,-0.898,-0.107,1.0,0.0,0.0,0.0,0.0,1.0
0.258,2.086,35.17900000000003,0.307,1.951,1.0,0.0,0.0,0.0,0.0,1.0
0.006,3.405,25.544,-0.134,0.313,0.0,0.0,0.0,1.0,1.0,0.0
0.305,1.848,77.75600000000003,-0.015,0.655,0.0,0.0,1.0,0.0,1.0,0.0
0.044,4.135,64.173,0.171,-0.709,1.0,0.0,0.0,0.0,0.0,1.0
0.967,4.542,-50.038,0.495,-0.563,0.0,0.0,1.0,0.0,0.0,1.0
0.298,1.44,-5.53,0.595,-0.705,0.0,1.0,0.0,0.0,1.0,0.0
0.512,1.855,27.848,-0.056,-0.213,1.0,0.0,0.0,0.0,0.0,1.0
0.722,2.125,50.221,-0.334,-0.069,1.0,0.0,0.0,0.0,0.0,1.0
0.28,3.56,-31.262,0.263,1.1,0.0,0.0,0.0,1.0,1.0,0.0
0.767,1.113,65.15900000000005,0.97,0.487,0.0,0.0,1.0,0.0,1.0,0.0
0.547,1.17,-92.45699999999997,-0.464,-1.299,0.0,0.0,0.0,1.0,0.0,1.0
0.102,3.448,15.266,0.344,0.376,0.0,0.0,0.0,1.0,0.0,1.0
0.802,0.566,2.13900000000001,-0.124,-0.22,0.0,0.0,1.0,0.0,1.0,0.0
0.263,0.531,-100.0,0.784,0.098,0.0,0.0,0.0,1.0,1.0,0.0
0.983,5.072,99.43700000000001,-0.756,1.43,0.0,0.0,1.0,0.0,0.0,1.0
0.218,0.119,7.025,0.075,-0.27,0.0,0.0,0.0,1.0,0.0,1.0
0.429,2.115,-80.38399999999999,-0.382,-0.665,0.0,1.0,0.0,0.0,0.0,1.0
0.587,2.485,-22.678,0.935,-0.592,0.0,0.0,1.0,0.0,0.0,1.0
0.998,1.674,42.883,-0.663,0.754,0.0,0.0,1.0,0.0,0.0,1.0
0.539,0.999,-84.269,-0.572,0.018,0.0,1.0,0.0,0.0,1.0,0.0
0.353,4.618,-48.347,0.797,0.077,0.0,1.0,0.0,0.0,1.0,0.0
0.559,1.779,62.994,-0.103,1.511,0.0,0.0,0.0,1.0,0.0,1.0
0.713,3.819,14.789,0.007,-0.257,0.0,0.0,0.0,1.0,0.0,1.0
0.726,0.241,51.698,0.233,-0.195,1.0,0.0,0.0,0.0,0.0,1.0
0.401,2.149,3.634,-0.543,-1.165,0.0,0.0,1.0,0.0,0.0,1.0
0.586,1.883,-55.20599999999999,-0.869,-0.548,1.0,0.0,0.0,0.0,1.0,0.0
0.849,2.404,0.06200000000001182,0.989,0.809,1.0,0.0,0.0,0.0,0.0,1.0
0.96,0.61,95.71100000000001,0.537,0.544,1.0,0.0,0.0,0.0,0.0,1.0
0.005,2.512,-31.772,0.371,0.1,0.0,0.0,1.0,0.0,1.0,0.0
0.535,0.955,-79.789,-0.678,0.958,0.0,0.0,0.0,1.0,1.0,0.0
0.324,1.299,46.437,0.919,-0.814,0.0,0.0,1.0,0.0,0.0,1.0
0.608,0.25,-6.002,-0.729,-1.23,0.0,0.0,1.0,0.0,0.0,1.0
0.435,2.193,-85.59899999999999,0.409,-0.668,0.0,0.0,1.0,0.0,1.0,0.0
0.255,3.933,14.754000000000019,-0.926,0.646,0.0,0.0,1.0,0.0,0.0,1.0
0.356,0.737,48.297,0.468,-0.566,0.0,0.0,1.0,0.0,1.0,0.0
0.092,1.903,20.404,-0.432,0.589,0.0,1.0,0.0,0.0,1.0,0.0
0.582,1.352,-36.825,0.59,-0.416,1.0,0.0,0.0,0.0,1.0,0.0
0.784,1.249,-46.875,-0.456,0.228,0.0,1.0,0.0,0.0,0.0,1.0
0.561,2.858,-58.454999999999984,-0.493,0.895,0.0,1.0,0.0,0.0,0.0,1.0
0.612,1.539,46.097,0.494,-0.195,1.0,0.0,0.0,0.0,1.0,0.0
0.806,1.267,-33.916,-0.519,-0.877,0.0,0.0,1.0,0.0,0.0,1.0
0.955,0.41,-13.4,0.434,0.758,0.0,0.0,0.0,1.0,1.0,0.0
0.684,1.999,-2.744,-0.002,1.152,0.0,0.0,1.0,0.0,0.0,1.0
0.257,3.278,-77.028,-0.052,-0.161,1.0,0.0,0.0,0.0,0.0,1.0
0.266,0.518,-10.216999999999985,-0.53,-0.076,1.0,0.0,0.0,0.0,0.0,1.0
0.274,0.496,-59.87099999999998,0.225,-1.098,0.0,0.0,1.0,0.0,1.0,0.0
0.342,0.432,61.997,-0.096,-0.711,0.0,1.0,0.0,0.0,0.0,1.0
0.043,0.698,-66.49499999999998,0.728,0.51,0.0,0.0,0.0,1.0,0.0,1.0
0.193,1.282,-44.34499999999997,-0.564,0.519,1.0,0.0,0.0,0.0,0.0,1.0
0.834,4.651,12.506,-0.135,-0.287,0.0,0.0,0.0,1.0,0.0,1.0
0.479,2.028,-45.656,-0.743,0.048,0.0,1.0,0.0,0.0,1.0,0.0
0.377,1.603,85.32300000000004,0.723,-0.112,0.0,1.0,0.0,0.0,0.0,1.0
0.801,4.678,-57.199,-0.515,-0.068,0.0,1.0,0.0,0.0,0.0,1.0
0.851,3.491,-20.69,0.303,-0.381,0.0,0.0,1.0,0.0,0.0,1.0
0.417,0.388,-33.252,0.591,0.072,0.0,1.0,0.0,0.0,1.0,0.0
0.395,0.429,66.448,0.005,-0.732,0.0,1.0,0.0,0.0,0.0,1.0
0.875,2.128,55.86400000000003,0.26,-0.992,1.0,0.0,0.0,0.0,1.0,0.0
0.484,3.66,-31.111,-0.598,-1.022,0.0,0.0,0.0,1.0,0.0,1.0
0.81,0.854,100.0,0.078,0.11,0.0,0.0,0.0,1.0,1.0,0.0
0.435,2.931,17.001,0.256,0.117,0.0,0.0,1.0,0.0,0.0,1.0
0.078,2.026,35.65100000000001,-0.439,-0.283,0.0,0.0,0.0,1.0,1.0,0.0
0.43,1.87,-0.144,-0.76,-0.057,0.0,0.0,0.0,1.0,0.0,1.0
0.776,1.978,-34.961,-0.453,1.232,0.0,1.0,0.0,0.0,1.0,0.0
0.957,1.098,29.168,0.144,-0.002,1.0,0.0,0.0,0.0,0.0,1.0
0.908,0.848,43.151,0.053,-0.984,0.0,1.0,0.0,0.0,1.0,0.0
0.295,1.491,-44.072,0.022,0.453,0.0,0.0,1.0,0.0,0.0,1.0
0.609,1.049,53.632,-0.614,-1.196,0.0,0.0,1.0,0.0,1.0,0.0
0.558,1.629,-59.755,0.648,-0.385,1.0,0.0,0.0,0.0,0.0,1.0
0.708,2.587,-25.934,-0.761,1.226,1.0,0.0,0.0,0.0,1.0,0.0
0.749,0.499,52.99000000000001,-0.53,-0.56,0.0,0.0,1.0,0.0,1.0,0.0
0.806,0.892,-54.71199999999999,0.66,-0.378,1.0,0.0,0.0,0.0,0.0,1.0
0.457,2.011,69.853,-0.203,-0.314,0.0,0.0,0.0,1.0,0.0,1.0
0.069,1.649,-57.09499999999997,-0.105,-0.887,0.0,1.0,0.0,0.0,0.0,1.0
0.009,2.304,56.59100000000001,-0.383,-0.023,0.0,0.0,1.0,0.0,1.0,0.0
0.987,3.663,-44.536,-0.106,0.562,0.0,1.0,0.0,0.0,0.0,1.0
0.812,1.62,-68.529,0.199,-0.295,1.0,0.0,0.0,0.0,0.0,1.0
0.366,1.125,25.25,0.734,-0.234,0.0,1.0,0.0,0.0,0.0,1.0
0.173,1.26,-43.732999999999976,-0.136,0.745,0.0,0.0,0.0,1.0,1.0,0.0
0.805,2.612,-80.984,0.091,-0.912,0.0,0.0,0.0,1.0,1.0,0.0
0.615,0.537,-89.989,-0.704,-0.749,1.0,0.0,0.0,0.0,0.0,1.0
0.074,2.455,-42.45399999999998,0.215,0.943,1.0,0.0,0.0,0.0,1.0,0.0
0.046,0.949,-44.994,-0.913,1.165,0.0,0.0,1.0,0.0,0.0,1.0
0.963,1.988,5.241,-0.872,0.411,0.0,0.0,1.0,0.0,0.0,1.0
0.937,0.542,-2.504,-0.648,0.69,0.0,0.0,0.0,1.0,1.0,0.0
0.536,0.487,44.568,0.3,1.725,0.0,1.0,0.0,0.0,0.0,1.0
0.614,5.819,22.243,0.354,-0.009,1.0,0.0,0.0,0.0,0.0,1.0
0.961,2.496,25.248000000000047,-0.674,0.415,0.0,0.0,1.0,0.0,0.0,1.0
0.534,0.418,4.292,0.889,1.504,0.0,1.0,0.0,0.0,0.0,1.0
0.975,0.534,6.953,-0.939,0.146,0.0,0.0,0.0,1.0,0.0,1.0
0.38,1.742,19.091,-0.323,-0.157,0.0,0.0,0.0,1.0,0.0,1.0
0.983,1.604,-100.0,0.437,0.037,0.0,1.0,0.0,0.0,1.0,0.0
0.684,2.73,-3.612,0.717,1.132,0.0,0.0,1.0,0.0,0.0,1.0
0.506,2.39,43.664,0.906,-0.034,0.0,1.0,0.0,0.0,0.0,1.0
0.902,4.854,27.314,0.634,-0.248,0.0,0.0,1.0,0.0,0.0,1.0
0.376,1.548,46.929,-0.799,-0.405,0.0,0.0,1.0,0.0,1.0,0.0
0.125,0.443,53.852,0.034,0.356,0.0,1.0,0.0,0.0,0.0,1.0
0.502,2.039,98.044,-0.075,-0.267,0.0,0.0,0.0,1.0,0.0,1.0
0.167,1.503,-74.49699999999999,-0.649,-0.653,0.0,1.0,0.0,0.0,1.0,0.0
0.826,0.563,43.775000000000034,-0.876,-0.767,0.0,1.0,0.0,0.0,0.0,1.0
0.549,3.728,-32.593,0.137,0.73,1.0,0.0,0.0,0.0,1.0,0.0
0.616,1.345,-10.292,-0.009,1.583,0.0,0.0,0.0,1.0,0.0,1.0
0.919,1.887,-0.29599999999999227,0.052,-0.863,0.0,0.0,0.0,1.0,0.0,1.0
0.479,2.969,-45.104,-0.952,0.166,0.0,0.0,0.0,1.0,0.0,1.0
0.485,1.471,-10.858,-0.804,0.119,0.0,1.0,0.0,0.0,0.0,1.0
0.99,0.463,36.876,0.761,-0.884,0.0,0.0,1.0,0.0,1.0,0.0
0.36,8.12,28.847,0.732,-0.391,0.0,0.0,0.0,1.0,1.0,0.0
0.989,0.51,58.208,-0.916,0.297,0.0,0.0,0.0,1.0,0.0,1.0
0.141,1.45,32.502,0.762,-0.985,0.0,0.0,1.0,0.0,1.0,0.0
0.204,5.81,44.89300000000003,-0.735,0.467,0.0,0.0,1.0,0.0,0.0,1.0
0.841,1.476,29.293,0.254,0.462,0.0,0.0,0.0,1.0,0.0,1.0
0.072,3.754,53.518,0.844,0.389,0.0,1.0,0.0,0.0,1.0,0.0
0.62,2.095,-9.471,0.287,1.993,0.0,1.0,0.0,0.0,0.0,1.0
0.811,0.374,28.35300000000001,0.749,0.071,1.0,0.0,0.0,0.0,0.0,1.0
0.118,0.577,-42.181,0.58,0.136,0.0,0.0,0.0,1.0,0.0,1.0
0.363,2.298,-60.711,0.2,-1.194,0.0,0.0,0.0,1.0,0.0,1.0
0.112,1.221,19.129999999999995,0.765,-0.177,0.0,1.0,0.0,0.0,1.0,0.0
0.462,2.32,74.32000000000005,-0.101,-0.322,0.0,0.0,0.0,1.0,1.0,0.0
0.689,1.498,-16.173000000000002,0.325,-0.994,0.0,1.0,0.0,0.0,0.0,1.0
0.542,0.668,-100.0,-0.813,0.337,1.0,0.0,0.0,0.0,0.0,1.0
0.238,2.681,40.48700000000002,-0.76,0.049,0.0,1.0,0.0,0.0,0.0,1.0
0.028,5.469,5.783,0.603,-0.834,0.0,0.0,0.0,1.0,0.0,1.0
0.8,1.731,63.488,0.723,-1.572,1.0,0.0,0.0,0.0,1.0,0.0
0.874,0.27,29.402,0.136,0.055,0.0,0.0,0.0,1.0,1.0,0.0
0.721,0.858,-30.441,-0.063,0.213,1.0,0.0,0.0,0.0,1.0,0.0
0.805,2.372,48.599,-0.065,-1.194,0.0,0.0,1.0,0.0,0.0,1.0
0.084,2.057,-31.053999999999974,-0.581,-0.818,0.0,1.0,0.0,0.0,1.0,0.0
0.112,2.077,-65.326,0.578,-1.286,0.0,0.0,0.0,1.0,1.0,0.0
0.54,1.815,36.68,0.324,-0.28,0.0,1.0,0.0,0.0,1.0,0.0
0.749,2.124,72.015,0.218,-0.585,0.0,0.0,1.0,0.0,0.0,1.0
0.529,1.904,-6.352999999999952,0.321,-0.159,0.0,0.0,0.0,1.0,0.0,1.0
0.569,2.984,-37.975,0.223,-0.655,0.0,0.0,1.0,0.0,0.0,1.0
0.023,3.177,-44.432,-0.432,0.718,1.0,0.0,0.0,0.0,0.0,1.0
0.577,5.216,-27.068,0.884,0.642,1.0,0.0,0.0,0.0,0.0,1.0
0.432,4.47,-11.07899999999995,-0.377,0.415,0.0,0.0,0.0,1.0,0.0,1.0
0.239,2.379,-20.762,0.084,0.641,0.0,0.0,0.0,1.0,0.0,1.0
0.696,1.768,-9.18,0.694,-0.736,0.0,0.0,0.0,1.0,1.0,0.0
0.009,2.458,41.519,0.247,-0.738,0.0,1.0,0.0,0.0,1.0,0.0
0.802,1.552,20.465,0.003,0.358,0.0,1.0,0.0,0.0,1.0,0.0
0.862,4.204,32.652,-0.715,-1.834,1.0,0.0,0.0,0.0,1.0,0.0
0.764,0.984,4.036,-0.262,0.426,0.0,1.0,0.0,0.0,0.0,1.0
0.572,1.382,-1.895,-0.77,-0.79,0.0,1.0,0.0,0.0,0.0,1.0
0.392,1.158,33.581,-0.393,-0.208,1.0,0.0,0.0,0.0,0.0,1.0
0.425,0.422,-44.956,-0.148,-0.814,0.0,0.0,0.0,1.0,1.0,0.0
0.74,0.834,-9.335,0.336,-1.239,0.0,0.0,1.0,0.0,0.0,1.0
0.106,1.569,35.94500000000005,0.815,0.3,1.0,0.0,0.0,0.0,0.0,1.0
0.144,1.12,-65.43799999999999,-0.248,-0.515,0.0,1.0,0.0,0.0,0.0,1.0
0.269,6.513,15.556,-0.197,-0.171,1.0,0.0,0.0,0.0,1.0,0.0
0.72,4.826,13.732000000000028,-0.046,0.117,0.0,0.0,1.0,0.0,0.0,1.0
0.116,1.784,20.805000000000007,0.528,-0.016,1.0,0.0,0.0,0.0,0.0,1.0
0.0,3.718,7.78,-0.877,-0.07,0.0,0.0,1.0,0.0,0.0,1.0
0.362,0.563,-31.699,0.762,0.604,0.0,1.0,0.0,0.0,0.0,1.0
0.877,1.847,-76.382,0.848,0.02,0.0,1.0,0.0,0.0,0.0,1.0
0.094,5.138,-43.97799999999998,-0.881,0.732,0.0,0.0,0.0,1.0,1.0,0.0
0.231,1.473,-21.57099999999997,-0.716,-0.431,0.0,0.0,1.0,0.0,0.0,1.0
0.38,2.836,62.6,-0.898,0.075,1.0,0.0,0.0,0.0,0.0,1.0
0.602,2.316,-100.0,0.743,-0.181,0.0,1.0,0.0,0.0,0.0,1.0
0.956,0.364,-44.87,-0.478,-0.706,0.0,1.0,0.0,0.0,1.0,0.0
0.773,0.607,36.93,0.707,-1.225,0.0,1.0,0.0,0.0,1.0,0.0
0.202,1.258,50.607,-0.166,0.348,0.0,0.0,0.0,1.0,1.0,0.0
0.488,2.107,-5.333,0.596,-0.002,1.0,0.0,0.0,0.0,0.0,1.0
0.339,3.605,-34.452,0.107,0.513,0.0,0.0,1.0,0.0,1.0,0.0
0.621,2.886,-50.163,-0.385,-1.19,1.0,0.0,0.0,0.0,1.0,0.0
0.57,2.069,72.492,-0.348,-0.476,0.0,1.0,0.0,0.0,1.0,0.0
0.131,2.708,-100.0,0.235,-1.279,0.0,1.0,0.0,0.0,0.0,1.0
0.258,1.051,13.007,-0.267,-0.611,1.0,0.0,0.0,0.0,1.0,0.0
0.591,2.114,2.3070000000000164,0.08,0.521,0.0,0.0,0.0,1.0,1.0,0.0
0.503,1.795,-29.219,0.597,0.552,1.0,0.0,0.0,0.0,1.0,0.0
0.477,1.097,-25.47999999999999,0.86,0.824,0.0,0.0,0.0,1.0,1.0,0.0
0.724,0.275,-63.075,0.07,-0.575,0.0,1.0,0.0,0.0,1.0,0.0
0.288,1.187,-15.357,0.027,-0.158,1.0,0.0,0.0,0.0,1.0,0.0
0.393,1.555,39.65,-0.055,0.423,1.0,0.0,0.0,0.0,1.0,0.0
0.469,0.363,40.673,0.12,-0.172,1.0,0.0,0.0,0.0,0.0,1.0
0.891,2.324,54.70800000000003,-0.13,0.296,0.0,0.0,0.0,1.0,1.0,0.0
0.413,0.433,49.516,0.541,-1.587,0.0,1.0,0.0,0.0,1.0,0.0
0.016,0.551,9.171,0.683,-0.067,0.0,1.0,0.0,0.0,1.0,0.0
0.811,4.575,6.999,-0.015,0.081,0.0,0.0,1.0,0.0,0.0,1.0
0.848,2.341,-69.489,-0.485,0.547,0.0,0.0,0.0,1.0,0.0,1.0
0.821,2.034,-12.833,-0.596,0.075,1.0,0.0,0.0,0.0,1.0,0.0
0.93,2.981,-46.666,0.208,-0.594,0.0,0.0,1.0,0.0,1.0,0.0
0.475,1.678,95.467,-0.01,1.591,0.0,1.0,0.0,0.0,0.0,1.0
0.927,0.81,53.29600000000005,0.006,0.019,0.0,0.0,1.0,0.0,1.0,0.0
0.934,1.276,76.189,-0.843,0.221,1.0,0.0,0.0,0.0,0.0,1.0
0.286,2.133,-38.65999999999997,-0.759,1.024,0.0,0.0,1.0,0.0,1.0,0.0
0.345,3.22,-70.323,0.767,-0.059,1.0,0.0,0.0,0.0,1.0,0.0
0.308,0.726,-13.948999999999955,0.879,0.563,0.0,0.0,1.0,0.0,0.0,1.0
0.416,1.256,-24.910999999999973,0.081,-0.147,0.0,0.0,0.0,1.0,0.0,1.0
0.248,1.145,32.504,0.473,-0.943,0.0,1.0,0.0,0.0,1.0,0.0
0.518,1.546,-38.783,-0.357,1.182,1.0,0.0,0.0,0.0,1.0,0.0
0.016,1.943,-24.696,-0.125,0.061,0.0,0.0,1.0,0.0,1.0,0.0
0.555,3.721,22.80800000000005,0.264,0.163,1.0,0.0,0.0,0.0,0.0,1.0
0.248,0.516,-10.349,-0.033,0.868,1.0,0.0,0.0,0.0,0.0,1.0
0.625,1.886,5.028,-0.179,0.293,0.0,0.0,0.0,1.0,1.0,0.0
0.427,1.173,-55.382,-0.303,-0.218,0.0,1.0,0.0,0.0,0.0,1.0
0.161,0.576,-19.087,0.985,0.337,0.0,0.0,0.0,1.0,0.0,1.0
0.941,1.141,-0.673,0.274,0.61,0.0,0.0,1.0,0.0,1.0,0.0
0.947,4.278,0.136,0.185,0.191,1.0,0.0,0.0,0.0,0.0,1.0
0.669,0.397,14.674,-0.66,-0.026,1.0,0.0,0.0,0.0,0.0,1.0
0.705,2.581,77.851,0.36,0.108,1.0,0.0,0.0,0.0,0.0,1.0
0.498,1.225,0.8760000000000332,-0.509,-0.647,0.0,1.0,0.0,0.0,0.0,1.0
0.323,0.291,-17.162,-0.12,0.524,1.0,0.0,0.0,0.0,0.0,1.0
0.091,1.072,51.872,-0.919,-0.589,0.0,1.0,0.0,0.0,0.0,1.0
0.651,0.962,-60.803999999999974,-0.007,-0.689,1.0,0.0,0.0,0.0,0.0,1.0
0.996,2.319,-69.601,0.696,0.335,1.0,0.0,0.0,0.0,1.0,0.0
0.049,0.654,-42.884,0.496,0.271,1.0,0.0,0.0,0.0,0.0,1.0
0.553,0.816,-59.014,0.692,-0.113,0.0,1.0,0.0,0.0,1.0,0.0
0.967,0.47,-57.182,-0.155,0.365,0.0,1.0,0.0,0.0,0.0,1.0
0.758,3.748,35.232,-0.855,0.979,0.0,0.0,1.0,0.0,1.0,0.0
0.231,0.347,10.895,0.895,0.018,0.0,0.0,0.0,1.0,0.0,1.0
0.326,8.304,-77.44,-0.273,0.177,0.0,0.0,0.0,1.0,1.0,0.0
0.952,0.852,75.744,0.718,-1.454,0.0,0.0,1.0,0.0,1.0,0.0
0.821,5.683,-41.916,-0.102,-1.194,0.0,0.0,0.0,1.0,1.0,0.0
0.017,3.897,-21.461,-0.941,0.397,0.0,0.0,0.0,1.0,0.0,1.0
0.554,1.264,42.641,0.43,-0.406,0.0,0.0,1.0,0.0,0.0,1.0
0.75,7.39,-26.129,-0.322,-0.203,0.0,0.0,0.0,1.0,0.0,1.0
0.173,0.277,-52.929,0.109,0.783,1.0,0.0,0.0,0.0,0.0,1.0
0.572,1.79,19.915,-0.035,-0.18,0.0,0.0,1.0,0.0,0.0,1.0
0.875,1.482,-25.45,0.166,1.225,1.0,0.0,0.0,0.0,0.0,1.0
0.033,1.483,-29.468999999999966,0.09,-0.081,0.0,1.0,0.0,0.0,0.0,1.0
0.87,2.443,66.819,-0.81,-1.3,1.0,0.0,0.0,0.0,1.0,0.0
0.926,1.965,35.089,-0.015,0.685,0.0,0.0,0.0,1.0,1.0,0.0
0.585,4.347,66.812,-0.659,-0.527,1.0,0.0,0.0,0.0,1.0,0.0
0.924,3.18,-1.924,-0.086,-0.704,0.0,0.0,0.0,1.0,0.0,1.0
0.911,3.267,84.867,-0.967,-1.228,0.0,1.0,0.0,0.0,1.0,0.0
0.487,2.715,18.751,0.187,1.567,0.0,0.0,0.0,1.0,1.0,0.0
0.225,1.871,-3.075,0.305,-1.649,1.0,0.0,0.0,0.0,0.0,1.0
0.482,0.786,-34.21999999999997,-0.275,0.492,0.0,0.0,0.0,1.0,0.0,1.0
0.477,0.973,10.29,0.001,-1.087,0.0,1.0,0.0,0.0,0.0,1.0
0.729,1.389,-69.827,-0.688,0.049,1.0,0.0,0.0,0.0,0.0,1.0
0.134,0.706,26.849,0.498,0.868,1.0,0.0,0.0,0.0,1.0,0.0
0.181,3.154,-1.724,0.674,-0.437,0.0,1.0,0.0,0.0,1.0,0.0
0.253,2.354,-35.489,0.191,-0.167,0.0,0.0,1.0,0.0,0.0,1.0
0.837,2.896,55.17500000000001,0.735,0.396,1.0,0.0,0.0,0.0,0.0,1.0
0.254,0.925,11.934,0.306,-1.43,0.0,0.0,0.0,1.0,0.0,1.0
0.943,2.855,68.761,-0.35,0.247,0.0,0.0,1.0,0.0,1.0,0.0
0.884,1.09,-51.77999999999997,0.283,0.023,0.0,0.0,0.0,1.0,0.0,1.0
0.358,2.145,-76.64599999999999,-0.896,-1.231,0.0,0.0,1.0,0.0,1.0,0.0
0.916,3.291,-12.843,-0.187,-0.254,0.0,1.0,0.0,0.0,0.0,1.0
0.118,1.14,-61.089,-0.173,0.543,1.0,0.0,0.0,0.0,0.0,1.0
0.292,0.843,39.694,-0.934,0.765,0.0,1.0,0.0,0.0,1.0,0.0
0.9,1.281,-17.956,-0.307,0.113,1.0,0.0,0.0,0.0,1.0,0.0
0.185,2.537,44.948,0.006,1.15,1.0,0.0,0.0,0.0,0.0,1.0
0.44,2.059,-2.763,0.528,-0.426,0.0,1.0,0.0,0.0,1.0,0.0
0.027,2.568,58.891,0.803,0.559,0.0,1.0,0.0,0.0,1.0,0.0
0.007,2.678,-78.101,0.175,-0.587,0.0,1.0,0.0,0.0,1.0,0.0
0.231,1.24,-73.087,0.231,-0.821,0.0,1.0,0.0,0.0,1.0,0.0
0.929,3.964,-84.80699999999999,0.517,1.045,1.0,0.0,0.0,0.0,0.0,1.0
0.841,1.571,-2.0009999999999764,-0.405,-0.131,0.0,0.0,1.0,0.0,0.0,1.0
0.417,1.128,-7.950999999999965,-0.837,0.706,0.0,0.0,1.0,0.0,0.0,1.0
0.849,1.775,-12.254,-0.953,1.303,0.0,0.0,1.0,0.0,0.0,1.0
0.165,1.12,37.958,-0.039,1.076,0.0,0.0,0.0,1.0,0.0,1.0
0.61,0.952,-41.806,-0.621,-0.238,1.0,0.0,0.0,0.0,0.0,1.0
0.275,1.555,-26.355,-0.776,1.974,0.0,1.0,0.0,0.0,1.0,0.0
